{
  "runtime_mode": "live",
  "top_level_metrics": {
    "total_cases": 100,
    "task_success_rate": 0.75,
    "answer_keyword_recall": 0.50375,
    "hit_at_k": 0.99,
    "recall_at_k": 0.687370978694508,
    "hit_at_5": 0.99,
    "recall_at_5": 0.687370978694508,
    "groundedness": 0.7910714285714286,
    "route_accuracy": 1.0,
    "tool_call_success_rate": 1.0,
    "validation_retry_rate": 0.05,
    "latency_p50_ms": 21557.99,
    "latency_p95_ms": 28913.19,
    "average_steps_per_task": 9.3,
    "reference_answer_precision": 0.45354182684518085,
    "reference_answer_recall": 0.40733517478599823,
    "reference_answer_f1": 0.41688696317029406,
    "answer_polarity_accuracy": 0.6590909090909091,
    "insufficient_answer_rate": 0.05,
    "warning_case_rate": 0.05,
    "avg_warning_count": 0.1,
    "error_free_rate": 1.0
  },
  "benchmark_slices": {
    "ragbench": {
      "total_cases": 100,
      "task_success_rate": 0.75,
      "recall_at_k": 0.687370978694508,
      "groundedness": 0.7910714285714286,
      "keyword_recall": 0.50375,
      "reference_f1": 0.41688696317029406,
      "polarity_accuracy": 0.6590909090909091,
      "insufficient_answer_rate": 0.05,
      "warning_case_rate": 0.05,
      "latency_ms": 22722.291000000005
    }
  }
}